larry@mail.com,1d1a3b14-f192-4192-bd09-a442434bf42e,ed6aa3d6-1cf9-46f6-ac71-1434d35690b8,ce7dd189-48df-4d98-b43e-e3bc04b0f10c,
connor.burns@mail.utoronto.ca,
bonnor.burns@mail.utoronto.ca,
nathan@mail.com,fbf46576-58ac-49c0-ba20-0720d9fe6ff5,9b0f5150-5c33-4686-88e2-de363d298cc9,
sal@hotmail.com,
dantheman@hotmail.com,32cb3a96-ef77-4588-bff9-230d95cd2f53,
arifthegod@mail.com,
aryan.whatsup@mail.com,
shasha@gmail.com,
jolie@whatsup.com,
ab,
ad,
aa,b8ce973a-0f29-4362-a184-de07d4304101,
ac,
dave@mail.com,
billsmills@gills.com,b8ce973a-0f29-4362-a184-de07d4304101,
asdas0@asdasd.com,
0@mail.com,
mail@mail.com,
